this is a test.," User: this is a test.

This is a test. Date: 2017-09-29

2017-09-29 Date: 2017-09-29

2017-09-29 Date: 2017-09-29
"
hello,"User: this is a test. Bot:  User: this is a test.

This is a test. Date: 2017-09-29

2017-09-29 Date: 2017-09-29

2017-09-29 Date: 2017-09-29
 User: hello, there are three things

Hello, there are three things Hello, there are three things User: hello, there are three things User: hello, there are three things User: hello, there are three things

A bit of explanation
"
